<?xml version="1.0" encoding="UTF-8"?>
<project-private xmlns="http://www.netbeans.org/ns/project-private/1">
    <editor-bookmarks xmlns="http://www.netbeans.org/ns/editor-bookmarks/2" lastBookmarkId="0"/>
    <open-files xmlns="http://www.netbeans.org/ns/projectui-open-files/2">
        <group>
            <file>file:/Users/chizhang/Desktop/3515/lab1/src/lab1/main.java</file>
            <file>file:/Users/chizhang/Desktop/3515/lab1/src/lab1/Shape.java</file>
            <file>file:/Users/chizhang/Desktop/3515/lab1/src/lab1/EquilateralTriangle.java</file>
            <file>file:/Users/chizhang/Desktop/3515/lab1/src/lab1/Square.java</file>
            <file>file:/Users/chizhang/Desktop/3515/lab1/src/lab1/Triangle.java</file>
            <file>file:/Users/chizhang/Desktop/3515/lab1/src/lab1/Circle.java</file>
        </group>
    </open-files>
</project-private>
